type,created_date_time,creator,creator_name,creator_mobile_number,table,table_unique_id,action,query
,"2026-02-09 13:12:19",,,Z8cBZ3pB040e074c0a5b545450166a070b545c5c5c046a17430344,1,Z8cBZ3pB2b0611163646564714264700034c55511c43710744075f5841184e4511415e184d505204570700010757014c,Z8cBZ3pB2c2d35733161137c7a317a450355514f5b0d5203541569565b540f0c0c54684d160614164b564150551150013d5c5141573c410b5d031a41425c02110757685c04170369175c5e5018064700034c5f471e004707511259466d560208071f424b0011395f0719415a58006a0c06145e545f06190f5f045f5857670d100f51524a490d075b066a5e5a560c59004e545f525b0d6a0b544a5a5b455d113a0152445d3a0f09510a5b6c5c50494504114b475a40071903540b5f5a1e4c1a15071f535d09061253071c1363752960203118180a1e5c195d1c591a0b1e074f5a4e0c1b07495c4a094f0a1f0a185a195a4b
Z8cBZ3pB3616165311157251590c5b,"2026-02-09 13:13:58",Z8cBZ3pB555a5604510501030454045753016f0503,Z8cBZ3pB16110f,Z8cBZ3pB040e074c0a5b545450166a070b545c5c5c046a0e5f015f5a,1,Z8cBZ3pB3010034443795c525d0b1b45265d44545b0f46421d4645465b184b565601030a56575504571c1f157d351524065c42504110154f105704031c084d554c02,Z8cBZ3pB2c2d35733161137c7a317a450355514f5b0d5203541569565b540f0c0c5468540a040f58431d5f5a530c5b0010675e545f06190e5f015f5a6d5c0211076c435108064a5f136a525150175016111452475d144607424a59476d5c0611035a5b14111a16534f404050463a5c014e5c555957175006194660757e6d2636421b08145a4f591a5c190c190b490a495d11
Z8cBZ3pB3616165311157251590c5b,"2026-02-09 13:14:54",Z8cBZ3pB555a5604510501030454045753016f0503,Z8cBZ3pB16110f,Z8cBZ3pB040e074c0a5b545450166a070b545c5c5c046a0e5f015f5a,2,Z8cBZ3pB3010034443795c525d0b1b45265d44545b0f46421d4645465b184b565601030a56575504571c1f157d351524065c42504110154f105704031c084d554c02,Z8cBZ3pB2c2d35733161137c7a317a450355514f5b0d5203541569565b540f0c0c5468540a040f58431d5f5a530c5b0010675e545f06190e5f015f5a6d5c0211076c435108064a5f136a525150175016111452475d144607424a59476d5c0611035a5b14111a16534f404050463a5c014e5c555957175006194660757e6d2636421b08145a4f591a5c190c190b490a495d11
Z8cBZ3pB3616165311157251590c5b,"2026-02-10 23:12:57",Z8cBZ3pB555a5604510501030454045753016f0503,Z8cBZ3pB16110f,Z8cBZ3pB040e074c0a5b545450166a070b545c5c5c046a0e5f015f5a,3,Z8cBZ3pB3010034443795c525d0b1b45265d44545b0f46421d4645465b184b565601030a56575504571c1f157d351524065c42504110154f105704031c084d554c02,Z8cBZ3pB2c2d35733161137c7a317a450355514f5b0d5203541569565b540f0c0c5468540a040f58431d5f5a530c5b0010675e545f06190e5f015f5a6d5c0211076c435108064a5f136a525150175016111452475d144607424a59476d5c0611035a5b14111a16534f404050463a5c014e5c555957175006194660757e6d2636421b08145a4f591a5c190c190b490a495d11
Z8cBZ3pB3616165311157251590c5b,"2026-02-10 23:19:06",Z8cBZ3pB555a5604510501030454045753016f0503,Z8cBZ3pB16110f,Z8cBZ3pB040e074c0a5b545450166a070b545c5c5c046a0e5f015f5a,4,Z8cBZ3pB3010034443795c525d0b1b45265d44545b0f46421d4645465b184b565601030a56575504571c1f157d351524065c42504110154f105704031c084d554c02,Z8cBZ3pB2c2d35733161137c7a317a450355514f5b0d5203541569565b540f0c0c5468540a040f58431d5f5a530c5b0010675e545f06190e5f015f5a6d5c0211076c435108064a5f136a525150175016111452475d144607424a59476d5c0611035a5b14111a16534f404050463a5c014e5c555957175006194660757e6d2636421b08145a4f591a5c190c190b490a495d11
Z8cBZ3pB3616165311157251590c5b,"2026-02-10 23:19:06",Z8cBZ3pB555a5604510501030454045753016f0503,Z8cBZ3pB16110f,Z8cBZ3pB040e074c0a5b545450166a070b545c5c5c046a0e5f015f5a,5,Z8cBZ3pB3010034443795c525d0b1b45265d44545b0f46421d4645465b184b565601030a56575504571c1f157d351524065c42504110154f105704031c084d554c02,Z8cBZ3pB2c2d35733161137c7a317a450355514f5b0d5203541569565b540f0c0c5468540a040f58431d5f5a530c5b0010675e545f06190e5f015f5a6d5c0211076c435108064a5f136a525150175016111452475d144607424a59476d5c0611035a5b14111a16534f404050463a5c014e5c555957175006194660757e6d2636421b08145a4f591a5c190c190b490a495d11
Z8cBZ3pB3616165311157251590c5b,"2026-02-10 23:19:06",Z8cBZ3pB555a5604510501030454045753016f0503,Z8cBZ3pB16110f,Z8cBZ3pB040e074c0a5b545450166a070b545c5c5c046a0e5f015f5a,6,Z8cBZ3pB3010034443795c525d0b1b45265d44545b0f46421d4645465b184b565601030a56575504571c1f157d351524065c42504110154f105704031c084d554c02,Z8cBZ3pB2c2d35733161137c7a317a450355514f5b0d5203541569565b540f0c0c5468540a040f58431d5f5a530c5b0010675e545f06190e5f015f5a6d5c0211076c435108064a5f136a525150175016111452475d144607424a59476d5c0611035a5b14111a16534f404050463a5c014e5c555957175006194660757e6d2636421b08145a4f591a5c190c190b490a495d11
Z8cBZ3pB3616165311157251590c5b,"2026-02-10 23:19:58",Z8cBZ3pB555a5604510501030454045753016f0503,Z8cBZ3pB16110f,Z8cBZ3pB040e074c0a5b545450166a070b545c5c5c046a015f0b46555c41,1,Z8cBZ3pB2b061116005a5e45550b4c45214a55544606514c1028575957184e453656444c4500095b13545d4c,Z8cBZ3pB2c2d35733161137c7a317a450355514f5b0d5203541569565b540f0c0c54685b0a0e16570d4c131d57175004165d546a560241076f125f59571416150652435d013c025717506c415d085049014a5554460c474e531453554657113a0c525a5d4900095b13545d4c6b0c51490c595d501e0f5a1555146957534b063a0c525a5d490202521150404618164104165d1c515b104110590542185151171c4e435e56060c02534f5a475d5117463a0151444c1e0446166f084359505d11490f5c555109063958165851504649560a0f48515b4b3c510744075f5841140f0a055c1b4f041703440e54415e180058040b541c45400a5803421f69575d5513040c4a1b5c000f034206511a1562247930276b101d0d4f0a4e0f4a09180d145c495d1f08145a4f591a5c190c190b490a495d140f190d4f0a4e0f4a09180d11
Z8cBZ3pB3616165311157251590c5b,"2026-02-10 23:29:00",Z8cBZ3pB555a5604510501030454045753016f0503,Z8cBZ3pB16110f,Z8cBZ3pB040e074c0a5b545450166a070b545c5c5c046a175e0f42,6,Z8cBZ3pB2b061116365b5a4114264700034c55511c437b035d03161912680016,Z8cBZ3pB2c2d35733161137c7a317a450355514f5b0d5203541569565b540f0c0c54684d0b0a12164b564150551150013d5c5141573c410b5d031a41425c02110757685c04170369175c5e5018064700034c5f471e004707511259466d560208071f5551090f39550c5843545a1c6a0c0614455b5b176a0b544a435a5b4c3c0b035e5214090c1153116a505447006a0b03555519560659074403521d126e2229377664184d5c4a094f0a1f0a185a195a4e071c0a1e5c1c
Z8cBZ3pB3616165311157251590c5b,"2026-02-10 23:29:00",Z8cBZ3pB555a5604510501030454045753016f0503,Z8cBZ3pB16110f,Z8cBZ3pB040e074c0a5b545450166a070b545c5c5c046a175e0f42,7,Z8cBZ3pB2b061116365b5a4114264700034c55511c437b035d031619127b021607,Z8cBZ3pB2c2d35733161137c7a317a450355514f5b0d5203541569565b540f0c0c54684d0b0a12164b564150551150013d5c5141573c410b5d031a41425c02110757685c04170369175c5e5018064700034c5f471e004707511259466d560208071f5551090f39550c5843545a1c6a0c0614455b5b176a0b544a435a5b4c3c0b035e5214090c1153116a505447006a0b03555519560659074403521d126e2229377664184d5c4a094f0a1f0a185a195a4e071c0a1e5c1c
Z8cBZ3pB3616165311157251590c5b,"2026-02-10 23:29:15",Z8cBZ3pB555a5604510501030454045753016f0503,Z8cBZ3pB16110f,Z8cBZ3pB040e074c0a5b545450166a070b545c5c5c046a11591c53,6,Z8cBZ3pB2b061116305c495014264700034c55511c437b035d0316191209531d5003,Z8cBZ3pB2c2d35733161137c7a317a450355514f5b0d5203541569565b540f0c0c54684b0c1903164b564150551150013d5c5141573c410b5d031a41425c02110757685c04170369175c5e5018064700034c5f471e004707511259466d560208071f5551090f39550c5843545a1c6a0c0614435c48066a0b544a455d485d3c0b035e5214090c1153116a505447006a0b03555519560659074403521d126e2229377664184d5c4a094f0a1f0a185a195a4e071c0a1e5c1c
Z8cBZ3pB3616165311157251590c5b,"2026-02-10 23:29:15",Z8cBZ3pB555a5604510501030454045753016f0503,Z8cBZ3pB16110f,Z8cBZ3pB040e074c0a5b545450166a070b545c5c5c046a11591c53,7,Z8cBZ3pB2b061116305c495014264700034c55511c437b035d0316191209511d5003,Z8cBZ3pB2c2d35733161137c7a317a450355514f5b0d5203541569565b540f0c0c54684b0c1903164b564150551150013d5c5141573c410b5d031a41425c02110757685c04170369175c5e5018064700034c5f471e004707511259466d560208071f5551090f39550c5843545a1c6a0c0614435c48066a0b544a455d485d3c0b035e5214090c1153116a505447006a0b03555519560659074403521d126e2229377664184d5c4a094f0a1f0a185a195a4e071c0a1e5c1c
Z8cBZ3pB3616165311157251590c5b,"2026-02-10 23:29:37",Z8cBZ3pB555a5604510501030454045753016f0503,Z8cBZ3pB16110f,Z8cBZ3pB040e074c0a5b545450166a070b545c5c5c046a1242095241514c,7,Z8cBZ3pB2b06111633475c5141064145214a5554460651421d4666465d5c0010161306,Z8cBZ3pB2c2d35733161137c7a317a450355514f5b0d5203541569565b540f0c0c546848170c02430041131d57175004165d546a560241076f125f59571416150652435d013c025717506c415d085049014a5554460c474e531453554657113a0c525a5d49010f5a0f6a505a5915540b1b6759511e13470d541355406d5107491241585c100012690d545e5018095a12074a6f565310503d5e075b511e4d0d0c166c5e5c4916085f176a5d54590019160b42556a5b071911591c536b5c590e004e5b44563a000952061943475b014006166744544a4f51074305445d424c0a0a0c1f535d09061253071c1363752960203118180a1e5c195d1c591a0b1e074f5a4e0c1b07495c4a094f0a1f0a185a195a4e0719
Z8cBZ3pB3616165311157251590c5b,"2026-02-10 23:29:57",Z8cBZ3pB555a5604510501030454045753016f0503,Z8cBZ3pB16110f,Z8cBZ3pB040e074c0a5b545450166a070b545c5c5c046a1242095241514c,8,Z8cBZ3pB2b06111633475c5141064145214a5554460651421d4666465d5c1606161305,Z8cBZ3pB2c2d35733161137c7a317a450355514f5b0d5203541569565b540f0c0c546848170c02430041131d57175004165d546a560241076f125f59571416150652435d013c025717506c415d085049014a5554460c474e531453554657113a0c525a5d49010f5a0f6a505a5915540b1b6759511e13470d541355406d5107491241585c100012690d545e5018095a12074a6f565310503d5e075b511e4d0d0c166c5e5c4916085f176a5d54590019160b42556a5b071911591c536b5c590e004e5b44563a000952061943475b014006166744544a4f51074305445d424c0a0a0c1f535d09061253071c1363752960203118180a1e5c195d1c591a0b1e074f5a4e0c1b07495c4a094f0a1f0a185a195a4e0719
Z8cBZ3pB3616165311157251590c5b,"2026-02-10 23:30:20",Z8cBZ3pB555a5604510501030454045753016f0503,Z8cBZ3pB16110f,Z8cBZ3pB040e074c0a5b545450166a070b545c5c5c046a125114424d,4,Z8cBZ3pB2b061116135441414d45761707594450564d15265512575d5e4b434842605f59090a085f431d0a010c500c52570e070d1b,Z8cBZ3pB2c2d35733161137c7a317a450355514f5b0d5203541569565b540f0c0c5468480411124f431d5047510441000667545446066a16590b53184748070416565367010212533c415a58514956170759445a404f56105507425b40670d040f561b5a0c0f0a69005a5e45550b4c3a0b5c1c455311411b6f0f5218425911111b6c434115064a460247474c6b0b540807145d5a500a59076f084359505d11490c525a5d3a0e09540a59566a570c411c4e595451400646111c154255465d4f010b40434a0c00121a005c474c1815541716416f515717540b5c151a585d4f06173d50564b003c08570e501f455d0b560a065d1c5a460b50104339555d46414f0211476856100e045311195658550c5949065d5c504606514b10307778677d30454a0c1b07495c4a094f0a1f0a185a195a4e071c0a1e5c195d1c591a0b1e074f5a4e0c1b07495c4a094f0a1a
Z8cBZ3pB3616165311157251590c5b,"2026-02-10 23:30:51",Z8cBZ3pB555a5604510501030454045753016f0503,Z8cBZ3pB16110f,Z8cBZ3pB040e074c0a5b545450166a070b545c5c5c046a0d420253466d5e0c170f,1,Z8cBZ3pB2b0611160c475750463a530a1055107640065416550218,Z8cBZ3pB2c2d35733161137c7a317a450355514f5b0d5203541569565b540f0c0c546857170703443c535c4759451d06105d514157076a065112536b46510e004e46475c041703523c515241513a410c0f5d1c56400654165f141a57405d02110d416856040e031a015c5f596b065a0812595e4c6d0a514e5f1452514067050a105e6851014f09440750416a520a47083d5c5141574f5a105403446b545711083d5d42550706141a105c49506b0c514911514a506d0d540f554a4655404c1a3a0b571b480411124f3c5b525851494504104c496a5f0c570b5c03695a47550100101f475917171f690d545e506b085a070b54556a510a411b1c16574646413c010747565109104a46115a574057116a0c061440475d074001443958555f5d4f100c5a43670c074a430d5c476a5a0458004e4945545c175c16494a4455465d4f040f5c4256114f125917545f6a55085a100c4c1c415d17540e6f1743555c4c0a111b1f535d1600145f13415a5a5a495b0a165d43195a105b3d530952511e5b020b01565b5400074a520659564151011c4534797c607730154a0f4a09180d145c495d1f08145a4f591a5c190c190b490a495d140f190d4f0a4e0f4a09180d145c495d1f08145a4f591a5c190c190b490a495d11
Z8cBZ3pB3616165311157251590c5b,"2026-02-11 00:01:17",Z8cBZ3pB555a5604510501030454045753016f0503,Z8cBZ3pB16110f,Z8cBZ3pB040e074c0a5b545450166a070b545c5c5c046a0e5f015f5a,7,Z8cBZ3pB3010034443795c525d0b1b45265d44545b0f46421d4645465b184b565601030a56575504571c1f157d351524065c42504110154f105704031c084d554c02,Z8cBZ3pB2c2d35733161137c7a317a450355514f5b0d5203541569565b540f0c0c5468540a040f58431d5f5a530c5b0010675e545f06190e5f015f5a6d5c0211076c435108064a5f136a525150175016111452475d144607424a59476d5c0611035a5b14111a16534f404050463a5c014e5c555957175006194660757e6d2636421b08145a4f591a5c190c190b490a495d11
Z8cBZ3pB3616165311157251590c5b,"2026-02-11 00:19:15",Z8cBZ3pB555a5604510501030454045753016f0503,Z8cBZ3pB16110f,Z8cBZ3pB040e074c0a5b545450166a070b545c5c5c046a0d420253466d5e0c170f,1,Z8cBZ3pB0a110253116a555a46081530125c514157071b,Z8cBZ3pB303322773770135459044f0c0c5f5151413c570b5c0a5f5a55670c1706564567030c145b4366766114104501034c55516d0754165539425d5f5d4358420c1b1806110357175a416a5a0458004205100a1e43570b5c0a69575d5513040c4a685101435b165c19135a460150173d5e5f475f3c51034403160912074f451252454c1c3c0f524308130a18454504104c496a5c025807105b160b1e18130410474e67080c045f0f506c5b4108570010180d150d4f15125114424d6d560208076c5a57070a0a533c565a414d4508455d1410455311411b6f02534053510f16420e1707494316440c514656403a5c014205100a1e4345105f02435746670d040f561705455c4a16165b5a416b0c51455f180f1912165b0b443958555f5d4358420c1b1814160758175c474c1458155a4e1842544606155f10591a14415119003d5a53185843591a43465a4f513a5b040f5d1008125c1942510b59415c4c4358420c1b18110c12570f6a52585b105b114205100a1e43410d44075a6b434d020b165a4341455e46094f1557504706470c124c595a5c4308420f4a165a5d4c0616420e170749430e450d6a505a50001558420710627a266727100f52140f185c
Z8cBZ3pB3616165311157251590c5b,"2026-02-11 21:51:01",Z8cBZ3pB555a5604510501030454045753016f0503,Z8cBZ3pB16110f,Z8cBZ3pB040e074c0a5b545450166a070b545c5c5c046a0e5f015f5a,8,Z8cBZ3pB3010034443795c525d0b1b45265d44545b0f46421d4645465b184b565601030a56575504571c1f157d351524065c42504110154f105704031c084d554c02,Z8cBZ3pB2c2d35733161137c7a317a450355514f5b0d5203541569565b540f0c0c5468540a040f58431d5f5a530c5b0010675e545f06190e5f015f5a6d5c0211076c435108064a5f136a525150175016111452475d144607424a59476d5c0611035a5b14111a16534f404050463a5c014e5c555957175006194660757e6d2636421b08145a4f591a5c190c190b490a495d11
Z8cBZ3pB3616165311157251590c5b,"2026-02-11 21:58:18",Z8cBZ3pB555a5604510501030454045753016f0503,Z8cBZ3pB16110f,Z8cBZ3pB040e074c0a5b545450166a070b545c5c5c046a0743125f59534c06,1,Z8cBZ3pB2b0611160646475c59044100427b4250531750061e,Z8cBZ3pB2c2d35733161137c7a317a450355514f5b0d5203541569565b540f0c0c54685d16170f5b024156151c064700034c55516d0754165539425d5f5d4f101257564c000739520241566a400c58004e5b425053175a101c054451534c0c173d5d5655004f045f0f596c565b0845040c416f5c564f5011440f5b55465d3c0c061f524b110a0b5717506c5155115049074b445c5f0241076f084359505d1149115a4d5d3a0a021a105c49506b0b54080714405440174c3d59021a44534a171c3d5d5655004f165711414a6a590a570c0e5d6f5b470e5707424a4655404c1a3a0c525a5d3a0e09540a59566a570c411c4e485147461a6a065512575d5e4b4f15105c534d0617395f071943475b01400616675e545f0619175e0f426b5b5c4f100c5a43670b020b534f4446545a115c111b144254460619035d09435a46141010006c435711020a1a075c40565b105b114e5c5946510c400c443958555f5d4f010b405457100d126915545f405149510c115b5f405c1750066f12594053544f001a4745593a000e571152564618004d1110596f565a0247055515695a53550649074b434a043c055e02475450473a43040e4d5519571b41105139555c534a0400116c435711020a1a064d4747553a560d034a5750413c4103484a555b5f48020b1b6c444c0417031a135441414d3a4611034c551946024d03520a536b44590f10071f545f161739400259465018165216166746545e16504e590145406d4e020917561b4c0a17075a3c41524d6b135409175d1c415d17540e6f075b5b47561749165c4359093c1743025b475c401c1901074b53475b13410b5f081a5a5d4c06164e5b44563a0009520619415a410b513a0d5e5619500a590e6f12594053544f16125f5e4c10133942024d1f4644095c1117486f4447025b1659124f1841480f0c16464767040e09430d411f4644095c1117486f41531b6a035d09435a46140416166c5848110a09584f41524d6b0a45110b575e1946024d3d441f46511e57150010525b543a17074e4f535a5b55096a15105153501e13470d541355406d4c021d4e434557011605423c41524d6b135409175d1c5a400750106f0059465f670a014e4047540c1713463c5d405b6b065a01071453545c00500e5c035218565d0f00165653114535277a367060151c5a195a4e071c0a1e5c195d1c591a0b1e074f5a4e0c1b07495c4a094f0a1f0a185a195a4e071c0a1e5c195d1c591a0b1e074f5a4e0c1b07495c4a094f0a1f0a185a195a4e071c0a1e5c195d1c591a0b1e074f5a4e0c1b07495c4a094f0a1f0a185a195a4e071c0a1e5c195d1c591a0b1e074f5a4e0c1b07495c4f
Z8cBZ3pB3616165311157251590c5b,"2026-02-11 22:03:42",Z8cBZ3pB555a5604510501030454045753016f0503,Z8cBZ3pB16110f,Z8cBZ3pB040e074c0a5b545450166a070b545c5c5c046a0743125f59534c06,2,Z8cBZ3pB2b0611160646475c59044100427b4250531750061e,Z8cBZ3pB2c2d35733161137c7a317a450355514f5b0d5203541569565b540f0c0c54685d16170f5b024156151c064700034c55516d0754165539425d5f5d4f101257564c000739520241566a400c58004e5b425053175a101c054451534c0c173d5d5655004f045f0f596c565b0845040c416f5c564f5011440f5b55465d3c0c061f524b110a0b5717506c5155115049074b445c5f0241076f084359505d1149115a4d5d3a0a021a105c49506b0b54080714405440174c3d59021a44534a171c3d5d5655004f165711414a6a590a570c0e5d6f5b470e5707424a4655404c1a3a0c525a5d3a0e09540a59566a570c411c4e485147461a6a065512575d5e4b4f15105c534d0617395f071943475b01400616675e545f0619175e0f426b5b5c4f100c5a43670b020b534f4446545a115c111b144254460619035d09435a46141010006c435711020a1a075c40565b105b114e5c5946510c400c443958555f5d4f010b405457100d126915545f405149510c115b5f405c1750066f12594053544f001a4745593a000e571152564618004d1110596f565a0247055515695a53550649074b434a043c055e02475450473a43040e4d5519571b41105139555c534a0400116c435711020a1a064d4747553a560d034a5750413c4103484a555b5f48020b1b6c444c0417031a135441414d3a4611034c551946024d03520a536b44590f10071f545f161739400259465018165216166746545e16504e590145406d4e020917561b4c0a17075a3c41524d6b135409175d1c415d17540e6f075b5b47561749165c4359093c1743025b475c401c1901074b53475b13410b5f081a5a5d4c06164e5b44563a0009520619415a410b513a0d5e5619500a590e6f12594053544f16125f5e4c10133942024d1f4644095c1117486f4447025b1659124f1841480f0c16464767040e09430d411f4644095c1117486f41531b6a035d09435a46140416166c5848110a09584f41524d6b0a45110b575e1946024d3d441f46511e57150010525b543a17074e4f535a5b55096a15105153501e13470d541355406d4c021d4e434557011605423c41524d6b135409175d1c5a400750106f0059465f670a014e4047540c1713463c5d405b6b065a01071453545c00500e5c035218565d0f00165653114535277a367060151c5a195a4e071c0a1e5c195d1c591a0b1e074f5a4e0c1b07495c4a094f0a1f0a185a195a4e071c0a1e5c195d1c591a0b1e074f5a4e0c1b07495c4a094f0a1f0a185a195a4e071c0a1e5c195d1c591a0b1e074f5a4e0c1b07495c4a094f0a1f0a185a195a4e071c0a1e5c195d1c591a0b1e074f5a4e0c1b07495c4f
Z8cBZ3pB3616165311157251590c5b,"2026-02-11 22:04:12",Z8cBZ3pB555a5604510501030454045753016f0503,Z8cBZ3pB16110f,Z8cBZ3pB040e074c0a5b545450166a070b545c5c5c046a0743125f59534c06,3,Z8cBZ3pB2b0611160646475c59044100427b4250531750061e,Z8cBZ3pB2c2d35733161137c7a317a450355514f5b0d5203541569565b540f0c0c54685d16170f5b024156151c064700034c55516d0754165539425d5f5d4f101257564c000739520241566a400c58004e5b425053175a101c054451534c0c173d5d5655004f045f0f596c565b0845040c416f5c564f5011440f5b55465d3c0c061f524b110a0b5717506c5155115049074b445c5f0241076f084359505d1149115a4d5d3a0a021a105c49506b0b54080714405440174c3d59021a44534a171c3d5d5655004f165711414a6a590a570c0e5d6f5b470e5707424a4655404c1a3a0c525a5d3a0e09540a59566a570c411c4e485147461a6a065512575d5e4b4f15105c534d0617395f071943475b01400616675e545f0619175e0f426b5b5c4f100c5a43670b020b534f4446545a115c111b144254460619035d09435a46141010006c435711020a1a075c40565b105b114e5c5946510c400c443958555f5d4f010b405457100d126915545f405149510c115b5f405c1750066f12594053544f001a4745593a000e571152564618004d1110596f565a0247055515695a53550649074b434a043c055e02475450473a43040e4d5519571b41105139555c534a0400116c435711020a1a064d4747553a560d034a5750413c4103484a555b5f48020b1b6c444c0417031a135441414d3a4611034c551946024d03520a536b44590f10071f545f161739400259465018165216166746545e16504e590145406d4e020917561b4c0a17075a3c41524d6b135409175d1c415d17540e6f075b5b47561749165c4359093c1743025b475c401c1901074b53475b13410b5f081a5a5d4c06164e5b44563a0009520619415a410b513a0d5e5619500a590e6f12594053544f16125f5e4c10133942024d1f4644095c1117486f4447025b1659124f1841480f0c16464767040e09430d411f4644095c1117486f41531b6a035d09435a46140416166c5848110a09584f41524d6b0a45110b575e1946024d3d441f46511e57150010525b543a17074e4f535a5b55096a15105153501e13470d541355406d4c021d4e434557011605423c41524d6b135409175d1c5a400750106f0059465f670a014e4047540c1713463c5d405b6b065a01071453545c00500e5c035218565d0f00165653114535277a367060151c5a195a4e071c0a1e5c195d1c591a0b1e074f5a4e0c1b07495c4a094f0a1f0a185a195a4e071c0a1e5c195d1c591a0b1e074f5a4e0c1b07495c4a094f0a1f0a185a195a4e071c0a1e5c195d1c591a0b1e074f5a4e0c1b07495c4a094f0a1f0a185a195a4e071c0a1e5c195d1c591a0b1e074f5a4e0c1b07495c4f
Z8cBZ3pB3616165311157251590c5b,"2026-02-11 22:51:14",Z8cBZ3pB555a5604510501030454045753016f0503,Z8cBZ3pB16110f,Z8cBZ3pB040e074c0a5b545450166a070b545c5c5c046a0051085d,1,Z8cBZ3pB2b06111621545d5e142456060d4d5e4112204707511253501c182d040f56171545220b57195c5d5214265a0812595e4c,Z8cBZ3pB2c2d35733161137c7a317a450355514f5b0d5203541569565b540f0c0c54685a040d0d164b564150551150013d5c5141573c410b5d031a41425c02110757685c04170369175c5e5018064700034c5f471e004707511259466d560208071f5551090f39550c5843545a1c6a0c061452545c086a0b544a57575157160b166c595908064a5700565c405a116a0b17555250404f57035e0d695a535506490b55445b3a00095206195256570a400b1667444c4206190051085d6b5c590e003d52545b0a1608423c5b465856004749004a515b510b1912511f5b515c4c3c080d5752670c074a520659564151011c4534797c607730154a0f4a09180d145c495d1f08145a4f591a5c190c190b490a495d140f190d4a
Z8cBZ3pB3616165311157251590c5b,"2026-02-11 22:54:16",Z8cBZ3pB555a5604510501030454045753016f0503,Z8cBZ3pB16110f,Z8cBZ3pB040e074c0a5b545450166a070b545c5c5c046a0b5e10595d515d,1,Z8cBZ3pB2b0611160a5b455a5d065045214a55544606514c,Z8cBZ3pB2c2d35733161137c7a317a450355514f5b0d5203541569565b540f0c0c5468510b15095f0050131d57175004165d546a560241076f125f59571416150652435d013c025717506c415d085049014a5554460c474e531453554657113a0c525a5d49010f5a0f6a505a5915540b1b6759511e0a5b145f0f55516d5107490b5d41570c00036907544750180c5b130d5153506d0d400f52034418415119003d5a5314160a1c533c5b525851494504104c496a5b0719125114424d6d560208071f475917171f690e5a515c58006a0b17555250404f450342124f6b5c590e003d5e585a0c0f0369005c474c1815541716416f515717540b5c151a444057071001476851014f16440c514656403a5b040f5d1c405c0a413d59021a415c51173a0c525a5d491213570d415a414d494704165d1c545f0c400c444a45415067170a16525b14010a15550c405d4118015c160157455b463c5b035d031a505b4b000a175d436713020a430619575c47065a100c4c55516d175a16510a1a514a4c11043d505f59170403454f504b4146046a060a59425257106a0c510b531857401717036c545004110153106a45545810504907404447533c560a511451514167170a16525b14001b1244026a505d55175200116744544a4f560d5d16575a4b67101103475214150214421a6a40415511504916594854500f503d46075a41571400021147684e040f13534f465446403a43040e4d55195b0446166f105758475d4f110d4756543a17074e3c435259410019110d4c51596d02580d45084218465717040e6c464d040d125f174c1f51511656170b48445c5d0d190c5f1253471e50100b3d50585c004f1459165b576a5b03534900515c596d175a16510a1a4742540a111743684c041b4a4513595a4141156a1417595e415b174c4e43165a5d464d133a035e584d0b174a4513595a4141156a1103406f545f0c400c444a514746670c15165a58564917074e3c5a43415d0a5b491659486a461a45071c09405140590f093d47564049050f5802596c45460c56004e48425a561656166f12574c1e48110a0646544c3a17074e3c43525941001900114c59585317503d59021a565356083a0b571b4b150f0f4216456c5d470b6a060d5c551951025b01550a5a51561407000e56435d014a46602279667067451d5a4e071c0a1e5c195d1c591a0b1e074f5a4e0c1b07495c4a094f0a1f0a185a195a4e071c0a1e5c195d1c591a0b1e074f5a4e0c1b07495c4a094f0a1f0a185a195a4e071c0a1e5c195d1c591a0b1e074f5a4e0c1b07495c4a094f0a1f0a185a195a4e071c0a1e5c195d1c591a0b1e074f5a4e0c1b07495c4a094f0a1a
Z8cBZ3pB3616165311157251590c5b,"2026-02-11 22:55:43",Z8cBZ3pB555a5604510501030454045753016f0503,Z8cBZ3pB16110f,Z8cBZ3pB040e074c0a5b545450166a070b545c5c5c046a125114424d,5,Z8cBZ3pB2b061116135441414d45761707594450564d15265512575d5e4b43484261564e0c434e0e50020001035602505511101812205d07491f4346,Z8cBZ3pB2c2d35733161137c7a317a450355514f5b0d5203541569565b540f0c0c5468480411124f431d5047510441000667545446066a16590b53184748070416565367010212533c415a58514956170759445a404f56105507425b40670d040f561b5a0c0f0a69005a5e45550b4c3a0b5c1c455311411b6f0f5218425911111b6c434115064a460247474c6b0b540807145d5a500a59076f084359505d11490c525a5d3a0e09540a59566a570c411c4e595451400646111c154255465d4f010b40434a0c00121a005c474c1815541716416f515717540b5c151a585d4f06173d50564b003c08570e501f455d0b560a065d1c5a460b50104339555d46414f0211476856100e045311195658550c5949065d5c504606514b10307778677d30454a0c1b07495c4a094f0a1f0a185a195a4e071c0a1e5c195d1c591a0b1e074f5a4e0c1b07495c4a094f0a1a
Z8cBZ3pB3616165311157251590c5b,"2026-02-11 22:56:30",Z8cBZ3pB555a5604510501030454045753016f0503,Z8cBZ3pB16110f,Z8cBZ3pB040e074c0a5b545450166a070b545c5c5c046a0d420253466d5e0c170f,2,Z8cBZ3pB2b0611160c475750463a530a1055107640065416550218,Z8cBZ3pB2c2d35733161137c7a317a450355514f5b0d5203541569565b540f0c0c546857170703443c535c4759451d06105d514157076a065112536b46510e004e46475c041703523c515241513a410c0f5d1c56400654165f141a57405d02110d416856040e031a015c5f596b065a0812595e4c6d0a514e5f1452514067050a105e6851014f09440750416a520a47083d5c5141574f5a105403446b545711083d5d42550706141a105c49506b0c514911514a506d0d540f554a4655404c1a3a0b571b480411124f3c5b525851494504104c496a5f0c570b5c03695a47550100101f475917171f690d545e506b085a070b54556a510a411b1c16574646413c010747565109104a46115a574057116a0c061440475d074001443958555f5d4f100c5a43670c074a430d5c476a5a0458004e4945545c175c16494a4455465d4f040f5c4256114f125917545f6a55085a100c4c1c415d17540e6f1743555c4c0a111b1f535d1600145f13415a5a5a495b0a165d43195a105b3d530952511e5b020b01565b5400074a520659564151011c4534797c607730154a0f4a09180d145c495d1f08145a4f591a5c190c190b490a495d140f190d4f0a4e0f4a09180d145c495d1f08145a4f591a5c190c190b490a495d11
Z8cBZ3pB3616165311157251590c5b,"2026-02-12 19:33:31",Z8cBZ3pB555a5604510501030454045753016f0503,Z8cBZ3pB16110f,Z8cBZ3pB040e074c0a5b545450166a070b545c5c5c046a0e5f015f5a,9,Z8cBZ3pB3010034443795c525d0b1b45265d44545b0f46421d4645465b184b565601030a56575504571c1f157d351524065c42504110154f105704031c084d554c02,Z8cBZ3pB2c2d35733161137c7a317a450355514f5b0d5203541569565b540f0c0c5468540a040f58431d5f5a530c5b0010675e545f06190e5f015f5a6d5c0211076c435108064a5f136a525150175016111452475d144607424a59476d5c0611035a5b14111a16534f404050463a5c014e5c555957175006194660757e6d2636421b08145a4f591a5c190c190b490a495d11
Z8cBZ3pB3616165311157251590c5b,"2026-02-12 19:38:36",Z8cBZ3pB555a5604510501030454045753016f0503,Z8cBZ3pB16110f,Z8cBZ3pB040e074c0a5b545450166a070b545c5c5c046a0743125f59534c06,2,Z8cBZ3pB0010125f0e54475014304501034c55511c,Z8cBZ3pB303322773770135459044f0c0c5f5151413c570b5c0a5f5a55670616165a5a59110646652661134044015411075c6f515317503d440f5b511205435a4e13544a00021259116a5d545900155842071c15500a590e6f05595942590d1c3d5a53185843591a435040415d085411076754544606155f10591a14425911111b6c5e5c455e46094f15435446114c3a0c595d50125e155d1c464655404c1a3a0f5c55510906395816585150464508455d1410455311411b6f08575957670e0a005a5b5d3a000f421a150e150b491515034a444c6d075016510f5a471205435a4e13474a0a071355176a5a511458155a4e1840475d074001443958555f5d4358420c1b18100d0f423c5c571509450a49424d5e5c463c5b035d03160912074f4513465656110a124f4308130a18454704165d1008125c1942430f4c516d5107455f13081445100f4c066a5d545900155842071c15530e5a175e12160912074f45165c4359093c075b0c405d411458155a4e18445a4602593d4113575a4651171c420e1707494302531056415c44115c0a0c180d150d4f150c5f1253471205435a4e135f4b0b3c055907501308145a1945114d526a460c41035c460b140d1443010b405457100d12165e150c1914015c160157455b463c5b035d03160912074f45065a445b0a1608423c4352594100155842071c15560a46015f135840575c3c110d475654455e46094f15564d4017543a01505147550646420d460918125d1b111052685b0d02145106466c5b550850455f180f1912064d16420769575a5911020740684e040f13534308130a1845501d164a516a510b54105703456b465717040e130a185a4f46531b4141546b065d04105f55466d17541a105b160b1e18000a0f4356561c3c15420241561509450a4942485147461a6a11440742511205435a4e1343591d02045a066a4554581050455f180f1912005211443940555e4d06455f13081445100145176a4554581050455f180f19120a5211443940555e4d06455f1308144517094202596c41551d6a1303544550125e155d1c46445b4756073a0d5551185843591a43575a59583a410a16595c150f430a4e101546585b4c16153d475640455e46094f154045580c411012674140530d410b441f160912074f4511435b511116166902585c405a11155842071c154113590b4413466b46591b3a035e584d0b17460b430a1f155316413a0d48445c5d0d155f10591a1446591b3a0d4343510a0d460b430a1f1540044d3a16414050125e155d1c465942574a02090e6c43591d435b165c1913535d0b54093d48425c5106155f10591a14424a0c011750436711021e165e150c191415470a064d53416d17541a6f105758475d4358420c1b1816130a5f1740436a5c165b3a01575450125e155d10317e71607d430c06130a185a
Z8cBZ3pB3616165311157251590c5b,"2026-02-12 19:38:36",Z8cBZ3pB555a5604510501030454045753016f0503,Z8cBZ3pB16110f,Z8cBZ3pB040e074c0a5b545450166a070b545c5c5c046a114409555f,119,Z8cBZ3pB2c0d15531141565114364006015d43465416590e4947,Z8cBZ3pB2c2d35733161137c7a317a450355514f5b0d5203541569565b540f0c0c54684b110c055d431d5047510441000667545446066a16590b53184748070416565367010212533c415a58514956170759445a404f56105507425b40670d040f561b5a0c0f0a69005a5e45550b4c3a0b5c1c455311411b6f0f5218414c0c06096c535911064a430d5c476a5d0119100c51446a5c0258071c155f4e57670a014e405e42003c08570e501f45460a5110014c6f5c564f45105f02435746670d040f561b510b140744076a465b5d11190a174c475440076a175e0f4218414c0c06096c434115064a45175a505e6b0456110b575e19500a590e6f13585d434d063a0b571b5a0c0f0a69165b5a4441006a0b17555250404f47075d07445f411407000e56435d014a46602279667067451d5a4e071c0a1e5c195d1c591a0b1e074f5a4e0c1b07495c4a094f0a1f0a185a195a4e071c0a1e5c195d19
Z8cBZ3pB3616165311157251590c5b,"2026-02-12 19:38:44",Z8cBZ3pB555a5604510501030454045753016f0503,Z8cBZ3pB16110f,Z8cBZ3pB040e074c0a5b545450166a070b545c5c5c046a0743125f59534c06,1,Z8cBZ3pB0010125f0e54475014304501034c55511c,Z8cBZ3pB303322773770135459044f0c0c5f5151413c570b5c0a5f5a55670616165a5a59110646652661134044015411075c6f515317503d440f5b511205435a4e13544a00021259116a5d545900155842071c15500a590e6f05595942590d1c3d5a53185843591a435040415d085411076754544606155f10591a14425911111b6c5e5c455e46094f15435446114c3a0c595d50125e155d1c464655404c1a3a0f5c55510906395816585150464508455d1410455311411b6f08575957670e0a005a5b5d3a000f421a150e150b491515034a444c6d075016510f5a471205435a4e13474a0a071355176a5a511458155a4e1840475d074001443958555f5d4358420c1b18100d0f423c5c571509450a49424d5e5c463c5b035d03160912074f4513465656110a124f4308130a18454704165d1008125c1942430f4c516d5107455f13081445100f4c066a5d545900155842071c15530e5a175e12160912074f45165c4359093c075b0c405d411458155a4e18445a4602593d4113575a4651171c420e1707494302531056415c44115c0a0c180d150d4f150c5f1253471205435a4e135f4b0b3c055907501308145a1945114d526a460c41035c460b140d1443010b405457100d12165e150c1914015c160157455b463c5b035d03160912074f45065a445b0a1608423c4352594100155842071c15560a46015f135840575c3c110d475654455e46094f15564d4017543a01505147550646420d460918125d1b111052685b0d02145106466c5b550850455f180f1912064d16420769575a5911020740684e040f13534308130a1845501d164a516a510b54105703456b465717040e130a185a4f46531b4141546b065d04105f55466d17541a105b160b1e18000a0f4356561c3c15420241561509450a4942485147461a6a11440742511205435a4e1343591d02045a066a4554581050455f180f1912005211443940555e4d06455f13081445100145176a4554581050455f180f19120a5211443940555e4d06455f1308144517094202596c41551d6a1303544550125e155d1c46445b4756073a0d5551185843591a43575a59583a410a16595c150f430a4e101546585b4c16153d475640455e46094f154045580c411012674140530d410b441f160912074f4511435b511116166902585c405a11155842071c154113590b4413466b46591b3a035e584d0b17460b430a1f155316413a0d48445c5d0d155f10591a1446591b3a0d4343510a0d460b430a1f1540044d3a16414050125e155d1c465942574a02090e6c43591d435b165c1913535d0b54093d48425c5106155f10591a14424a0c011750436711021e165e150c191415470a064d53416d17541a6f105758475d4358420c1b1816130a5f1740436a5c165b3a01575450125e155d10317e71607d430c06130a185a
Z8cBZ3pB3616165311157251590c5b,"2026-02-12 19:38:44",Z8cBZ3pB555a5604510501030454045753016f0503,Z8cBZ3pB16110f,Z8cBZ3pB040e074c0a5b545450166a070b545c5c5c046a114409555f,120,Z8cBZ3pB2c0d15531141565114364006015d43465416590e4947,Z8cBZ3pB2c2d35733161137c7a317a450355514f5b0d5203541569565b540f0c0c54684b110c055d431d5047510441000667545446066a16590b53184748070416565367010212533c415a58514956170759445a404f56105507425b40670d040f561b5a0c0f0a69005a5e45550b4c3a0b5c1c455311411b6f0f5218414c0c06096c535911064a430d5c476a5d0119100c51446a5c0258071c155f4e57670a014e405e42003c08570e501f45460a5110014c6f5c564f45105f02435746670d040f561b510b140744076a465b5d11190a174c475440076a175e0f4218414c0c06096c434115064a45175a505e6b0456110b575e19500a590e6f13585d434d063a0b571b5a0c0f0a69165b5a4441006a0b17555250404f47075d07445f411407000e56435d014a46602279667067451d5a4e071c0a1e5c195d1c591a0b1e074f5a4e0c1b07495c4a094f0a1f0a185a195a4e071c0a1e5c195d19
Z8cBZ3pB3616165311157251590c5b,"2026-02-12 19:38:44",Z8cBZ3pB555a5604510501030454045753016f0503,Z8cBZ3pB16110f,Z8cBZ3pB040e074c0a5b545450166a070b545c5c5c046a114409555f,121,Z8cBZ3pB2c0d15531141565114364006015d43465416590e4947,Z8cBZ3pB2c2d35733161137c7a317a450355514f5b0d5203541569565b540f0c0c54684b110c055d431d5047510441000667545446066a16590b53184748070416565367010212533c415a58514956170759445a404f56105507425b40670d040f561b5a0c0f0a69005a5e45550b4c3a0b5c1c455311411b6f0f5218414c0c06096c535911064a430d5c476a5d0119100c51446a5c0258071c155f4e57670a014e405e42003c08570e501f45460a5110014c6f5c564f45105f02435746670d040f561b510b140744076a465b5d11190a174c475440076a175e0f4218414c0c06096c434115064a45175a505e6b0456110b575e19500a590e6f13585d434d063a0b571b5a0c0f0a69165b5a4441006a0b17555250404f47075d07445f411407000e56435d014a46602279667067451d5a4e071c0a1e5c195d1c591a0b1e074f5a4e0c1b07495c4a094f0a1f0a185a195a4e071c0a1e5c195d19
Z8cBZ3pB3616165311157251590c5b,"2026-02-12 19:38:54",Z8cBZ3pB555a5604510501030454045753016f0503,Z8cBZ3pB16110f,Z8cBZ3pB040e074c0a5b545450166a070b545c5c5c046a0743125f59534c06,2,Z8cBZ3pB0010125f0e54475014304501034c55511c,Z8cBZ3pB303322773770135459044f0c0c5f5151413c570b5c0a5f5a55670616165a5a59110646652661134044015411075c6f515317503d440f5b511205435a4e13544a00021259116a5d545900155842071c15500a590e6f05595942590d1c3d5a53185843591a435040415d085411076754544606155f10591a14425911111b6c5e5c455e46094f15435446114c3a0c595d50125e155d1c464655404c1a3a0f5c55510906395816585150464508455d1410455311411b6f08575957670e0a005a5b5d3a000f421a150e150b491515034a444c6d075016510f5a471205435a4e13474a0a071355176a5a511458155a4e1840475d074001443958555f5d4358420c1b18100d0f423c5c571509450a49424d5e5c463c5b035d03160912074f4513465656110a124f4308130a18454704165d1008125c1942430f4c516d5107455f13081445100f4c066a5d545900155842071c15530e5a175e12160912074f45165c4359093c075b0c405d411458155a4e18445a4602593d4113575a4651171c420e1707494302531056415c44115c0a0c180d150d4f150c5f1253471205435a4e135f4b0b3c055907501308145a1945114d526a460c41035c460b140d1443010b405457100d12165e150c1914015c160157455b463c5b035d03160912074f45065a445b0a1608423c4352594100155842071c15560a46015f135840575c3c110d475654455e46094f15564d4017543a01505147550646420d460918125d1b111052685b0d02145106466c5b550850455f180f1912064d16420769575a5911020740684e040f13534308130a1845501d164a516a510b54105703456b465717040e130a185a4f46531b4141546b065d04105f55466d17541a105b160b1e18000a0f4356561c3c15420241561509450a4942485147461a6a11440742511205435a4e1343591d02045a066a4554581050455f180f1912005211443940555e4d06455f13081445100145176a4554581050455f180f19120a5211443940555e4d06455f1308144517094202596c41551d6a1303544550125e155d1c46445b4756073a0d5551185843591a43575a59583a410a16595c150f430a4e101546585b4c16153d475640455e46094f154045580c411012674140530d410b441f160912074f4511435b511116166902585c405a11155842071c154113590b4413466b46591b3a035e584d0b17460b430a1f155316413a0d48445c5d0d155f10591a1446591b3a0d4343510a0d460b430a1f1540044d3a16414050125e155d1c465942574a02090e6c43591d435b165c1913535d0b54093d48425c5106155f10591a14424a0c011750436711021e165e150c191415470a064d53416d17541a6f105758475d4358420c1b1816130a5f1740436a5c165b3a01575450125e155d10317e71607d430c06130a185a
Z8cBZ3pB3616165311157251590c5b,"2026-02-12 19:38:54",Z8cBZ3pB555a5604510501030454045753016f0503,Z8cBZ3pB16110f,Z8cBZ3pB040e074c0a5b545450166a070b545c5c5c046a114409555f,119,Z8cBZ3pB301302571750571567105606074b4353470f591b11,Z8cBZ3pB303322773770135459044f0c0c5f5151413c570b5c0a5f5a556710110d505c1836263216164557544000513a065944506d175c0f55460b140d1443061056564c0a1139580258561509450a4942485147461a6a0b54460b140d144316165c54533a07074206150e150b4915100c51446a5b07155f10591a1447560a113d5d565500435b165c1913465d1f503a0b5c1008125c1942430f4c516d56020807130a185a4f4646115a574057116a0c06180d150d4f151242095241514c3c0b035e52185843591a435c5d425517513a17565941125e155d1c465941464f0217066c42560c17460b430a1f1547115a060967444c4206155f10591a14414c0c06096c565b110a09584308130a1845570c0e546f405c0a441755395f501205435a4e135551090f39430d5c4240513a5b100f5a5547125e155d1c4644515f59110e11130a185a43317e266776155d0115584207
Z8cBZ3pB3616165311157251590c5b,"2026-02-12 19:39:04",Z8cBZ3pB555a5604510501030454045753016f0503,Z8cBZ3pB16110f,Z8cBZ3pB040e074c0a5b545450166a070b545c5c5c046a0b5e10595d515d,1,Z8cBZ3pB0c0d10590a56561561155104165d541b,Z8cBZ3pB303322773770135459044f0c0c5f5151413c570b5c0a5f5a55670a0b145c5e5b0043357337154645500441000667545446066a16590b53140f185c494250455d041709443c5b5258514508455d1410575b0f593d53095b4453561a3a0b571705455c4a160a5b455a5d06503a06594450125e155d1c464655404c1a3a0b571705455c4a16135441414d3a5b040f5d1008125c1942400744404b670e0a005a5b5d3a0d135b0150411509450a4942485147461a6a0c510b536b5f57010c0e56685b0c171f165e150c191415541716416f515717540b5c15160912074f451241585c100012690a511308145a1945124a5f514700413d5e075b511205435a4e1342560c17395f07150e150b4915100c51446a5c025807105b160b1e181210035d4351111a460b430a1f15460441004205100a1e43460b4a03695d56185e455d1f174b0c1903690d545e501458155a4e1851585d165b16105b160b1e18170a16525b67040e09430d411308145a1945165744545e3c44175108425d46414358420c1b1801061555115c43415d0a5b455f180f19120d5a165515160912074f450a405967060c02534308130a184546100067445a460259420d460918125c0a16015c425611435b165c1913515d16560a1756446a5c025807105b160b1e18070c1150584d0b173940025946501458155a4e18545c41005a175e1253506d4c0c11035f1705455c4a16064d4747553a560d034a5750414308420f4a16514a4c11043d505f59170403453c5b5258514508455d1410504a1747036f055e55405f06163d4556541006460b430a1f15511d41170367535d531152074339425b46590f455f13081445061e4211546c565c044702074b6f41531b155f10591a1451570e15035d4e671617074206150e150b491515034a444c6d1041034403160912074f4516524f59070f036915545f40514508455d1410565510413d46075a4157185e455d1f174b0210126915545f40514508455d14105c5510413d46075a4157185e455d1f174c0a17075a3c41524d6b135409175d1008125c19424209435a56670c0304130a185a4f46540a595f6a400a41040e180d150d4f1511400a5f4047483c11034b1705455c4a1610455f5c4010453a134d515b460a411b105b160b1e1810150e5a434d153c075b0c405d411458155a4e1843455e0a4117403942554a6702080d46594c455e46094f155446403a5a1516515f5b125e155d1c4642554a670c15165a5856455e46094f1547544c3a411c125d1008125c19425f10534653540f3a16524f185843591a43535a5b55096a1510515350125e155d1c4646465d5c1606166c43591d435b165c191345460a5110014c6f41531b6a14510a43511205435a4e1355590b08395f07150e150b4915161254594147136a0a430869575d5c06455f130818322b236426155a511458155a
Z8cBZ3pB3616165311157251590c5b,"2026-02-12 19:39:04",Z8cBZ3pB555a5604510501030454045753016f0503,Z8cBZ3pB16110f,Z8cBZ3pB040e074c0a5b545450166a070b545c5c5c046a114409555f,122,Z8cBZ3pB2c0d15531141565114364006015d43465416590e4947,Z8cBZ3pB2c2d35733161137c7a317a450355514f5b0d5203541569565b540f0c0c54684b110c055d431d5047510441000667545446066a16590b53184748070416565367010212533c415a58514956170759445a404f56105507425b40670d040f561b5a0c0f0a69005a5e45550b4c3a0b5c1c455311411b6f0f5218414c0c06096c535911064a430d5c476a5d0119100c51446a5c0258071c155f4e57670a014e405e42003c08570e501f45460a5110014c6f5c564f45105f02435746670d040f561b510b140744076a465b5d11190a174c475440076a175e0f4218414c0c06096c434115064a45175a505e6b0456110b575e19500a590e6f13585d434d063a0b571b5a0c0f0a69165b5a4441006a0b17555250404f47075d07445f411407000e56435d014a46602279667067451d5a4e071c0a1e5c195d1c591a0b1e074f5a4e0c1b07495c4a094f0a1f0a185a195a4e071c0a1e5c195d19
Z8cBZ3pB3616165311157251590c5b,"2026-02-12 19:39:04",Z8cBZ3pB555a5604510501030454045753016f0503,Z8cBZ3pB16110f,Z8cBZ3pB040e074c0a5b545450166a070b545c5c5c046a114409555f,123,Z8cBZ3pB2c0d15531141565114364006015d43465416590e4947,Z8cBZ3pB2c2d35733161137c7a317a450355514f5b0d5203541569565b540f0c0c54684b110c055d431d5047510441000667545446066a16590b53184748070416565367010212533c415a58514956170759445a404f56105507425b40670d040f561b5a0c0f0a69005a5e45550b4c3a0b5c1c455311411b6f0f5218414c0c06096c535911064a430d5c476a5d0119100c51446a5c0258071c155f4e57670a014e405e42003c08570e501f45460a5110014c6f5c564f45105f02435746670d040f561b510b140744076a465b5d11190a174c475440076a175e0f4218414c0c06096c434115064a45175a505e6b0456110b575e19500a590e6f13585d434d063a0b571b5a0c0f0a69165b5a4441006a0b17555250404f47075d07445f411407000e56435d014a46602279667067451d5a4e071c0a1e5c195d1c591a0b1e074f5a4e0c1b07495c4a094f0a1f0a185a195a4e071c0a1e5c195d19
Z8cBZ3pB3616165311157251590c5b,"2026-02-12 21:12:29",Z8cBZ3pB555a5604510501030454045753016f0503,Z8cBZ3pB16110f,Z8cBZ3pB040e074c0a5b545450166a070b545c5c5c046a0b5e10595d515d,2,Z8cBZ3pB2b0611160a5b455a5d065045214a55544606514c,Z8cBZ3pB2c2d35733161137c7a317a450355514f5b0d5203541569565b540f0c0c5468510b15095f0050131d57175004165d546a560241076f125f59571416150652435d013c025717506c415d085049014a5554460c474e531453554657113a0c525a5d49010f5a0f6a505a5915540b1b6759511e0a5b145f0f55516d5107490b5d41570c00036907544750180c5b130d5153506d0d400f52034418415119003d5a5314160a1c533c5b525851494504104c496a5b0719125114424d6d560208071f475917171f690e5a515c58006a0b17555250404f450342124f6b5c590e003d5e585a0c0f0369005c474c1815541716416f515717540b5c151a444057071001476851014f16440c514656403a5b040f5d1c405c0a413d59021a415c51173a0c525a5d491213570d415a414d494704165d1c545f0c400c444a45415067170a16525b14010a15550c405d4118015c160157455b463c5b035d031a505b4b000a175d436713020a430619575c47065a100c4c55516d175a16510a1a514a4c11043d505f59170403454f504b4146046a060a59425257106a0c510b531857401717036c545004110153106a45545810504907404447533c560a511451514167170a16525b14001b1244026a505d55175200116744544a4f560d5d16575a4b67101103475214150214421a6a40415511504916594854500f503d46075a41571400021147684e040f13534f465446403a43040e4d55195b0446166f105758475d4f110d4756543a17074e3c435259410019110d4c51596d02580d45084218465717040e6c464d040d125f174c1f51511656170b48445c5d0d190c5f1253471e50100b3d50585c004f1459165b576a5b03534900515c596d175a16510a1a4742540a111743684c041b4a4513595a4141156a1417595e415b174c4e43165a5d464d133a035e584d0b174a4513595a4141156a1103406f545f0c400c444a514746670c15165a58564917074e3c5a43415d0a5b491659486a461a45071c09405140590f093d47564049050f5802596c45460c56004e48425a561656166f12574c1e48110a0646544c3a17074e3c43525941001900114c59585317503d59021a565356083a0b571b4b150f0f4216456c5d470b6a060d5c551951025b01550a5a51561407000e56435d014a46602279667067451d5a4e071c0a1e5c195d1c591a0b1e074f5a4e0c1b07495c4a094f0a1f0a185a195a4e071c0a1e5c195d1c591a0b1e074f5a4e0c1b07495c4a094f0a1f0a185a195a4e071c0a1e5c195d1c591a0b1e074f5a4e0c1b07495c4a094f0a1f0a185a195a4e071c0a1e5c195d1c591a0b1e074f5a4e0c1b07495c4a094f0a1a
Z8cBZ3pB3616165311157251590c5b,"2026-02-12 21:12:29",Z8cBZ3pB555a5604510501030454045753016f0503,Z8cBZ3pB16110f,Z8cBZ3pB040e074c0a5b545450166a070b545c5c5c046a114409555f,124,Z8cBZ3pB2c0d15531141565114364006015d43465416590e4947,Z8cBZ3pB2c2d35733161137c7a317a450355514f5b0d5203541569565b540f0c0c54684b110c055d431d5047510441000667545446066a16590b53184748070416565367010212533c415a58514956170759445a404f56105507425b40670d040f561b5a0c0f0a69005a5e45550b4c3a0b5c1c455311411b6f0f5218414c0c06096c535911064a430d5c476a5d0119100c51446a5c0258071c155f4e57670a014e405e42003c08570e501f45460a5110014c6f5c564f45105f02435746670d040f561b510b140744076a465b5d11190a174c475440076a175e0f4218414c0c06096c434115064a45175a505e6b0456110b575e19500a590e6f13585d434d063a0b571b5a0c0f0a69165b5a4441006a0b17555250404f47075d07445f411407000e56435d014a46602279667067451d5a4e071c0a1e5c195d1c591a0b1e074f5a4e0c1b07495c4a094f0a1f0a185a195a4e071c0a1e5c195d19
